id,title,self_text
"1","ðŸŽ® New Game Release Thread ðŸŽ®","Cyberpunk 2078 just dropped! ðŸš€ Initial reviews: Graphics: 10/10 ðŸŽ¨ Gameplay: 9/10 ðŸŽ¯ Story: 8/10 ðŸ“– #Gaming #NewRelease"
"2","$$$MAKE MONEY FAST!!!! CLICK HERE!!!$$$","Work from home! Make $5000/day with this simple trick! 100% guaranteed! Not a scam! DM me for details! ðŸ’°ðŸ’°ðŸ’°"
"3","<script>alert('XSS Test')</script>","Testing security with some HTML <b>tags</b> and JavaScript injection attempts"
"4","BREAKING NEWS: Major Event","This is a very very very very very very very very very very very very very very very very very very very very very very very very very very very very very very very very very very very very very very very very very very very very very very very very very very very very very very very very very very very very very long title that might break things"
"5","Random Characters Test","!@#$%^&*()_+{}|:\"<>?~`-=[]\\;',./ðŸŒŸ ðŸ‘¾ ðŸŽ¨ ðŸŽ­ ðŸŽª ðŸŽ¢ ðŸŽ¡ ðŸŽ  ðŸŽ® ðŸ•¹ ðŸŽ² ðŸŽ¯ ðŸŽ³ ðŸŽª"
"6","A comprehensive analysis of modern quantum computing","In this post, I'll explain the fundamental principles of quantum computing, including superposition, entanglement, and quantum gates. We'll explore how these concepts apply to current quantum hardware implementations and discuss potential applications in cryptography and optimization problems."
"7","",""
"8","Help needed with homework","what is 2+2?"
"9","Weather Report","It's sunny today! â˜€ï¸"
"10","[META] Subreddit Rules Update","Please read our updated community guidelines. No spam, be respectful, format your posts properly..."
"11","Just joined! First post!","Hi everyone! I'm new here and wanted to introduce myself. I love coding and cats!"
"12","Important Community Announcement","null"
"13","     Weird     Spacing     Test     ","    This     post     has     lots     of     spaces     between     words    "
"14","Repeated text test","The same word repeated: test test test test test test test test test test test test test test test test test test test test"
"15","URL Test","Check out this link: https://really-long-subdomain.another-subdomain.example.com/very/long/path/to/some/resource?param1=value1&param2=value2&param3=value3#section"
"16","Mixed Content Type Post","Here's my blog post ðŸ“ with code ```python print('hello')``` and some math equations: E=mcÂ² and links https://example.com and emojis ðŸŽ¨ and formatting **bold** *italic*"
"17","","Just a body, no title"
"18","Base64 Test","SGVsbG8gV29ybGQhIFRoaXMgaXMgYSB0ZXN0IG9mIGJhc2U2NCBlbmNvZGluZy4="
"19","Unicode Test","Hello Ù…Ø±Ø­Ø¨Ø§ ×©Ö¸××œ×•Ö¹× à¤¨à¤®à¤¸à¥à¤¤à¥‡ ä½ å¥½ ì•ˆë…•í•˜ì„¸ìš”"
"20","Poll: Favorite Programming Language","1. Python ðŸ 2. JavaScript ðŸ’» 3. Java â˜• 4. C++ ðŸ”§ 5. Ruby ðŸ’Ž Vote in comments!"
"21","ASCII Art Test","/\\_/\\ ( o.o ) > ^ <"
"22","Table Format Test","| Name | Age | City | |------|-----|------| | John | 25 | NYC | | Jane | 30 | LA |"
"23","Markdown Test","# Big Title ## Subtitle * List item 1 * List item 2 > This is a quote **Bold** and *italic*"
"24","Lorem ipsum dolor sit amet","Lorem ipsum dolor sit amet, consectetur adipiscing elit. Sed do eiusmod tempor incididunt ut labore et dolore magna aliqua. Ut enim ad minim veniam, quis nostrud exercitation ullamco laboris nisi ut aliquip ex ea commodo consequat."
"25","Technical Jargon Post","Implementing K8s cluster with istio service mesh for microservices architecture using GRPC for inter-service communication and implementing circuit breakers with fallback mechanisms." 